"0","# cek nilai di tiap PC, ekuivalen dengan obj_pca$x"
"0",""
"0","loan_pca$ind$coord"
"1","    "
"1","        Dim.1"
"1","         Dim.2"
"1","         Dim.3"
"1","         Dim.4"
"1","
1   "
"1","  1.872640702"
"1"," -0.0263025584"
"1"," -0.2620211890"
"1"," -0.3818516040"
"1","
2   "
"1"," -0.795361170"
"1"," -0.5963775742"
"1","  0.1002547095"
"1","  0.9009347158"
"1","
3   "
"1"," -1.359301381"
"1","  4.7385350737"
"1"," -0.5401945120"
"1","  0.8218723208"
"1","
4   "
"1","  2.015249745"
"1"," -0.6439756202"
"1"," -0.9941928883"
"1","  0.4797470742"
"1","
5   "
"1","  0.654536104"
"1"," -0.7159916056"
"1","  0.3267261610"
"1"," -0.5351296802"
"1","
6   "
"1"," -0.973054065"
"1"," -1.3742074630"
"1","  0.4126093115"
"1"," -1.2286800219"
"1","
7   "
"1"," -0.535261326"
"1"," -0.0012512559"
"1"," -0.7377350922"
"1","  0.3944843354"
"1","
8   "
"1","  0.933793201"
"1","  0.8711338470"
"1"," -1.1234064321"
"1","  0.3935550090"
"1","
9   "
"1","  2.214718725"
"1","  0.3714931614"
"1","  0.9030598748"
"1"," -1.7837846703"
"1","
10  "
"1","  0.075814672"
"1","  0.0527369931"
"1"," -0.1736289044"
"1","  0.1157497522"
"1","
11  "
"1"," -0.391459924"
"1","  3.5706024252"
"1"," -0.4386265543"
"1","  0.6048496188"
"1","
12  "
"1","  0.959880018"
"1","  0.0271263488"
"1","  2.0796823203"
"1"," -2.3586752931"
"1","
13  "
"1"," -1.725685324"
"1"," -0.5630643176"
"1","  0.3842812747"
"1"," -0.9275128428"
"1","
14  "
"1"," -0.289173174"
"1","  0.7212633835"
"1","  2.0461384382"
"1"," -1.9811807102"
"1","
15  "
"1"," -0.925151387"
"1"," -1.3960743547"
"1"," -0.4294218522"
"1","  0.0231629796"
"1","
16  "
"1"," -0.203107860"
"1"," -0.2968164453"
"1","  0.0683567740"
"1"," -0.4937210079"
"1","
17  "
"1"," -2.629180593"
"1"," -0.4544673522"
"1"," -0.5515650282"
"1","  0.4003365417"
"1","
18  "
"1","  2.054315145"
"1"," -1.4923312944"
"1","  1.4840078685"
"1","  0.9845294138"
"1","
19  "
"1","  0.051199224"
"1"," -1.0906824543"
"1","  1.6159191800"
"1","  1.1672216520"
"1","
20  "
"1","  0.853014373"
"1"," -0.6839579724"
"1","  1.1089220393"
"1"," -2.4810243247"
"1","
21  "
"1"," -0.663094457"
"1"," -1.1298196916"
"1"," -1.0686952936"
"1","  0.5027198710"
"1","
22  "
"1","  1.465480589"
"1"," -1.2566593904"
"1","  1.1807437804"
"1","  1.7057284534"
"1","
23  "
"1"," -0.723855725"
"1"," -0.7184286052"
"1"," -1.1966159159"
"1","  0.1159159326"
"1","
24  "
"1"," -1.278856802"
"1","  0.3595043401"
"1","  0.7874942163"
"1","  1.2711335614"
"1","
25  "
"1","  0.363300987"
"1","  0.0817625994"
"1","  1.8005983454"
"1","  1.0358975960"
"1","
26  "
"1"," -0.855039836"
"1","  1.0124876898"
"1"," -0.1247513102"
"1"," -0.0203368680"
"1","
27  "
"1"," -1.766722963"
"1"," -0.3162882435"
"1"," -0.6017038172"
"1","  0.0666789974"
"1","
28  "
"1"," -0.409427648"
"1","  0.6352022792"
"1","  0.1082691522"
"1"," -0.8405264922"
"1","
29  "
"1"," -1.669574010"
"1"," -0.2137332997"
"1"," -1.1047979142"
"1","  0.3409106801"
"1","
30  "
"1"," -0.591748477"
"1"," -0.9674115290"
"1"," -0.7080843623"
"1","  0.1192454858"
"1","
31  "
"1"," -0.167316538"
"1","  0.2189249061"
"1"," -0.4294070780"
"1"," -0.2394024785"
"1","
32  "
"1"," -1.805698472"
"1"," -0.2792905067"
"1"," -0.0149690165"
"1","  0.3612203514"
"1","
33  "
"1","  0.810346529"
"1","  0.9298768758"
"1","  0.8101479392"
"1","  0.1330064772"
"1","
34  "
"1","  0.395335192"
"1","  2.1816672361"
"1","  0.1676228268"
"1","  0.7224614699"
"1","
35  "
"1","  0.158065783"
"1"," -0.5821095782"
"1","  0.0331063656"
"1"," -0.9692145370"
"1","
36  "
"1"," -2.534710179"
"1","  0.1607176729"
"1"," -0.2453162102"
"1","  0.0795530439"
"1","
37  "
"1","  0.193217599"
"1","  1.6805892179"
"1","  0.6255805526"
"1"," -0.1686464320"
"1","
38  "
"1"," -0.797324614"
"1","  0.9074750313"
"1","  0.9612488252"
"1","  1.2669690473"
"1","
39  "
"1"," -0.901136096"
"1","  0.5404499460"
"1"," -0.5374028501"
"1"," -0.1229138668"
"1","
40  "
"1"," -1.453001620"
"1","  2.6843950841"
"1","  0.1031170895"
"1"," -0.5611239505"
"1","
41  "
"1"," -1.134986442"
"1"," -1.6893030524"
"1","  0.3605756794"
"1","  0.7915717987"
"1","
42  "
"1"," -0.377088466"
"1"," -0.8497685314"
"1","  0.5083292482"
"1"," -1.8599657159"
"1","
43  "
"1","  6.052132504"
"1","  5.7983590152"
"1"," -4.4509388810"
"1","  1.5112435759"
"1","
44  "
"1","  0.442557903"
"1","  2.1656867619"
"1","  1.1707173042"
"1"," -0.1637501840"
"1","
45  "
"1"," -0.778976565"
"1","  1.2957755140"
"1","  0.0108107342"
"1"," -0.0489851313"
"1","
46  "
"1","  3.346297437"
"1","  4.5408370916"
"1"," -4.1009405109"
"1","  1.3863247640"
"1","
47  "
"1","  0.284290682"
"1","  1.7345312301"
"1","  0.6763460832"
"1","  1.5339700571"
"1","
48  "
"1"," -1.276420051"
"1"," -0.2892636380"
"1"," -0.5155992564"
"1"," -0.2555187447"
"1","
49  "
"1","  0.732406293"
"1","  0.8488268373"
"1","  1.1689377669"
"1"," -1.4629203113"
"1","
50  "
"1","  0.783595284"
"1","  1.1282849417"
"1","  0.8819618050"
"1"," -1.9106553868"
"1","
51  "
"1"," -0.498493605"
"1"," -0.6173313748"
"1"," -0.4471599499"
"1","  0.0467864268"
"1","
52  "
"1"," -1.118206492"
"1","  0.3785806795"
"1"," -0.9282945585"
"1"," -0.9047167338"
"1","
53  "
"1"," -0.019513680"
"1","  1.9389324735"
"1","  0.9537038742"
"1"," -1.2458222314"
"1","
54  "
"1"," -0.938457198"
"1"," -0.8412851522"
"1"," -0.9022607894"
"1"," -0.6513510826"
"1","
55  "
"1"," -0.989504138"
"1"," -0.3590510848"
"1"," -0.0210071354"
"1","  0.0610757277"
"1","
56  "
"1"," -1.545387330"
"1"," -1.1855337096"
"1","  0.1140336058"
"1"," -0.3218302149"
"1","
57  "
"1"," -1.107047664"
"1"," -0.8395831630"
"1"," -0.4897294111"
"1"," -0.5705799939"
"1","
58  "
"1","  0.962810734"
"1"," -1.2886145600"
"1"," -0.1290890866"
"1","  0.4540000865"
"1","
59  "
"1"," -0.534713429"
"1","  1.8694321629"
"1","  1.2377692736"
"1"," -0.5517318876"
"1","
60  "
"1"," -1.896194908"
"1","  0.2085294549"
"1"," -0.9407720463"
"1"," -0.0634613129"
"1","
61  "
"1","  1.040008642"
"1","  0.0366252411"
"1"," -0.5234477294"
"1"," -0.7957928341"
"1","
62  "
"1"," -0.443547446"
"1","  0.3434335380"
"1","  0.1859161056"
"1"," -0.2953889929"
"1","
63  "
"1"," -0.157739944"
"1"," -1.0607512774"
"1"," -0.1478819228"
"1"," -0.5056089498"
"1","
64  "
"1"," -1.926988929"
"1"," -0.0279002848"
"1"," -0.6426333024"
"1"," -0.2990005919"
"1","
65  "
"1","  0.476281502"
"1","  0.9182063959"
"1","  0.2268841887"
"1","  1.1650448419"
"1","
66  "
"1","  0.003050931"
"1","  2.1853797500"
"1","  1.3468342364"
"1"," -0.9034719961"
"1","
67  "
"1","  0.265935605"
"1"," -0.2997446651"
"1","  2.7418967742"
"1","  0.2186875524"
"1","
68  "
"1"," -0.781490055"
"1"," -0.2256399976"
"1"," -0.9955179512"
"1","  0.2438415360"
"1","
69  "
"1"," -1.272936038"
"1","  1.3420115264"
"1"," -0.8063323324"
"1","  0.4539293757"
"1","
70  "
"1","  1.144052453"
"1"," -1.4825293704"
"1","  0.6090993746"
"1","  0.4536932872"
"1","
71  "
"1","  1.655005405"
"1","  0.1118250105"
"1"," -0.5883313858"
"1"," -0.7523966784"
"1","
72  "
"1"," -1.705395574"
"1","  0.3621834001"
"1"," -1.0296727019"
"1","  0.0479065747"
"1","
73  "
"1","  1.773109603"
"1","  1.1743954102"
"1","  2.4185928432"
"1"," -1.0954161565"
"1","
74  "
"1"," -0.626358124"
"1"," -1.2492216919"
"1"," -0.3203211138"
"1","  0.0272485979"
"1","
75  "
"1"," -0.620638769"
"1"," -2.0610374447"
"1","  2.1523424029"
"1","  1.9681005061"
"1","
76  "
"1","  1.322435555"
"1","  0.1098334114"
"1"," -1.1840597967"
"1","  0.6321483101"
"1","
77  "
"1","  1.773068911"
"1","  0.5215050605"
"1"," -0.5305095531"
"1","  1.5448720425"
"1","
78  "
"1"," -0.691009067"
"1"," -0.0132925298"
"1"," -0.3471203721"
"1","  0.1264533655"
"1","
79  "
"1","  0.786203530"
"1","  0.0350186105"
"1","  0.1634186032"
"1"," -0.2912960252"
"1","
80  "
"1"," -0.487143392"
"1"," -0.6102735266"
"1","  2.3506702234"
"1","  2.5756010053"
"1","
81  "
"1"," -1.605753586"
"1","  0.3072496150"
"1","  0.3324740956"
"1"," -0.7516166414"
"1","
82  "
"1"," -0.393475065"
"1"," -1.5628255485"
"1","  0.3836721564"
"1","  0.2167803161"
"1","
83  "
"1","  2.018686407"
"1"," -0.7341480307"
"1","  0.0683904479"
"1","  0.0397575181"
"1","
84  "
"1"," -0.449242265"
"1"," -1.2521936532"
"1"," -1.0890933007"
"1","  0.2344005312"
"1","
85  "
"1"," -1.283412242"
"1"," -0.7892924616"
"1","  1.0088551693"
"1","  1.8161948144"
"1","
86  "
"1"," -1.574545808"
"1","  0.0915227884"
"1"," -0.1169072533"
"1","  0.0627275411"
"1","
87  "
"1","  0.545792645"
"1"," -1.2630928750"
"1","  0.2821911114"
"1"," -0.5974677287"
"1","
88  "
"1","  1.460411112"
"1","  0.3502034075"
"1"," -0.1263663820"
"1"," -0.5289921309"
"1","
89  "
"1","  0.546571464"
"1","  1.0054964861"
"1","  1.7443258527"
"1","  1.0583149054"
"1","
90  "
"1"," -1.891802681"
"1","  2.3101443587"
"1","  2.1322637472"
"1","  1.9349768353"
"1","
91  "
"1"," -1.453514912"
"1"," -0.5693648492"
"1","  0.1751986444"
"1"," -0.2560076188"
"1","
92  "
"1"," -0.409908894"
"1","  0.4335590120"
"1"," -0.0317652077"
"1","  0.0849041480"
"1","
93  "
"1","  0.261039435"
"1"," -0.8902957550"
"1","  0.9336249344"
"1"," -1.7063885642"
"1","
94  "
"1","  0.209551084"
"1","  0.4822205931"
"1"," -0.4144919807"
"1","  0.2727752862"
"1","
95  "
"1"," -0.794645289"
"1","  0.4248828620"
"1","  3.3445196561"
"1","  1.5146525694"
"1","
96  "
"1","  0.614188410"
"1"," -0.4418970652"
"1"," -0.7310435088"
"1"," -0.3713287888"
"1","
97  "
"1"," -0.263248865"
"1"," -0.5074211810"
"1"," -0.0818902456"
"1","  1.1496390806"
"1","
98  "
"1"," -2.461482250"
"1"," -1.1424991505"
"1"," -1.2745359780"
"1","  0.2542265030"
"1","
99  "
"1"," -0.380827699"
"1"," -0.5279042745"
"1","  0.0793097160"
"1","  0.1067191724"
"1","
100 "
"1"," -2.501425662"
"1","  3.9548499572"
"1","  0.1041870754"
"1"," -0.1146744989"
"1","
101 "
"1"," -1.786382891"
"1","  2.6667277423"
"1","  0.3222584207"
"1","  0.1966777459"
"1","
102 "
"1","  1.869937996"
"1"," -1.1604748163"
"1","  3.1567232786"
"1","  1.5385506819"
"1","
103 "
"1","  0.163240455"
"1","  0.3965794114"
"1"," -0.0372041292"
"1"," -0.4746018620"
"1","
104 "
"1","  0.405674591"
"1"," -0.6828447057"
"1","  0.2337522000"
"1"," -0.5060250640"
"1","
105 "
"1","  1.754534113"
"1","  1.4984941979"
"1","  0.9292134324"
"1"," -1.4554044133"
"1","
106 "
"1"," -0.260432279"
"1"," -0.3674209672"
"1","  0.4588339545"
"1","  0.6746120362"
"1","
107 "
"1","  0.946539087"
"1","  1.7114118004"
"1"," -1.1692726775"
"1","  0.5967403043"
"1","
108 "
"1","  1.021559709"
"1","  1.6918975005"
"1","  0.9402063273"
"1"," -0.9536134685"
"1","
109 "
"1"," -1.371981329"
"1"," -1.4082225799"
"1"," -0.7943796000"
"1"," -0.0492696704"
"1","
110 "
"1"," -0.171638933"
"1","  0.0133769068"
"1"," -0.3284401176"
"1","  0.1553537471"
"1","
111 "
"1"," -1.201763125"
"1","  0.4395484211"
"1"," -0.1647280896"
"1"," -0.1470131054"
"1","
112 "
"1","  0.311315769"
"1","  0.1785850991"
"1","  2.5122780427"
"1"," -0.6465627764"
"1","
113 "
"1"," -1.135691019"
"1","  1.6872607364"
"1"," -0.4362946091"
"1","  0.2165613290"
"1","
114 "
"1"," -1.039610090"
"1"," -0.6465482839"
"1"," -1.0462481734"
"1","  0.3942084925"
"1","
115 "
"1"," -1.232222898"
"1","  0.3689280346"
"1","  0.2598713381"
"1","  0.2199716551"
"1","
116 "
"1"," -0.282913007"
"1"," -1.6298883134"
"1"," -0.1473043627"
"1"," -0.3551028029"
"1","
117 "
"1"," -1.034790129"
"1"," -0.3019056952"
"1","  0.5488314276"
"1","  0.1681179664"
"1","
118 "
"1"," -0.505869810"
"1","  0.4508849780"
"1","  1.1366998926"
"1","  0.0404955574"
"1","
119 "
"1","  5.362074993"
"1","  3.1024650706"
"1"," -3.0553610993"
"1","  0.7656002639"
"1","
120 "
"1"," -0.034210972"
"1"," -0.1244584035"
"1","  1.6135962043"
"1","  1.6482128967"
"1","
121 "
"1","  0.899554052"
"1"," -0.6875030164"
"1","  0.2627803812"
"1"," -0.9595253662"
"1","
122 "
"1","  5.182710602"
"1"," -0.4028915669"
"1","  2.2673882206"
"1","  1.0231457280"
"1","
123 "
"1","  1.032255536"
"1"," -0.3081073805"
"1","  0.4237389685"
"1","  1.4678269272"
"1","
124 "
"1","  0.696476076"
"1"," -0.3950236203"
"1"," -0.4670783695"
"1"," -0.1076688388"
"1","
125 "
"1","  0.699763326"
"1"," -0.0043898320"
"1","  1.3642205669"
"1"," -2.9075391279"
"1","
"
"1","    "
"1","         Dim.5"
"1","         Dim.6"
"1","         Dim.7"
"1","          Dim.8"
"1","
1   "
"1"," -0.1440523022"
"1","  0.2937980604"
"1","  0.4142316728"
"1","  0.24870580216"
"1","
2   "
"1","  0.4275856129"
"1","  0.7718660053"
"1"," -0.1167101342"
"1"," -0.10409272580"
"1","
3   "
"1"," -0.5799966358"
"1","  0.7464205836"
"1","  0.8142216365"
"1"," -0.22680237744"
"1","
4   "
"1"," -0.3253111057"
"1"," -0.5243457632"
"1","  0.5452035353"
"1","  0.22570188608"
"1","
5   "
"1"," -0.6294664828"
"1"," -0.0194192401"
"1","  0.3436425203"
"1","  0.24510644815"
"1","
6   "
"1","  0.1841724147"
"1"," -0.3425815096"
"1"," -0.5383739077"
"1"," -0.17552100517"
"1","
7   "
"1"," -0.3044283096"
"1"," -0.3032158844"
"1","  0.3834789151"
"1","  0.23044410511"
"1","
8   "
"1"," -0.0081289511"
"1","  1.3620697371"
"1"," -0.0060715255"
"1","  0.27751034265"
"1","
9   "
"1","  0.2363742845"
"1","  0.0426981743"
"1"," -0.3694977094"
"1","  0.15255285121"
"1","
10  "
"1"," -0.6533431262"
"1"," -0.4835687704"
"1","  0.4449540726"
"1","  0.31090406947"
"1","
11  "
"1"," -0.4911467228"
"1"," -0.4877631572"
"1","  1.4056123166"
"1","  0.57991284793"
"1","
12  "
"1","  2.0739042608"
"1","  0.4289545727"
"1"," -0.7537452439"
"1","  0.17358752079"
"1","
13  "
"1","  0.0196886710"
"1"," -0.6588904116"
"1"," -0.2632558249"
"1"," -0.39018687258"
"1","
14  "
"1"," -0.5652503911"
"1"," -1.1376195404"
"1"," -0.1891165520"
"1","  0.05591196734"
"1","
15  "
"1"," -0.3602249443"
"1"," -0.2961757674"
"1"," -0.2966065232"
"1"," -0.11150287084"
"1","
16  "
"1"," -0.2800230799"
"1","  0.1291658472"
"1","  0.0146304917"
"1","  0.13183419370"
"1","
17  "
"1"," -0.4805852753"
"1"," -0.2595046940"
"1"," -0.6100027133"
"1"," -1.21356640195"
"1","
18  "
"1","  0.9164233889"
"1","  0.6297998902"
"1","  0.8101215289"
"1","  0.07240698733"
"1","
19  "
"1","  0.6610748439"
"1","  1.1076232656"
"1"," -0.6181639272"
"1"," -0.15353980201"
"1","
20  "
"1","  0.8913080179"
"1"," -0.6187314783"
"1","  0.2728803604"
"1","  0.35038280993"
"1","
21  "
"1"," -0.2394504460"
"1","  0.3482256092"
"1"," -0.7886395298"
"1"," -0.24449301330"
"1","
22  "
"1","  0.5158813831"
"1","  0.0879009622"
"1","  0.2448972901"
"1","  0.15348085699"
"1","
23  "
"1","  0.4636338266"
"1","  0.2141238774"
"1"," -0.3400272964"
"1"," -0.00774581203"
"1","
24  "
"1"," -0.5512159187"
"1"," -0.8232165570"
"1"," -0.1107404650"
"1"," -0.32745973156"
"1","
25  "
"1"," -1.6156009834"
"1"," -0.8233252576"
"1","  0.0229793365"
"1","  0.06319647774"
"1","
26  "
"1"," -0.4383865678"
"1","  0.0944793920"
"1"," -0.2447556720"
"1"," -0.19176697356"
"1","
27  "
"1"," -0.0973524512"
"1","  0.3421787432"
"1"," -0.1325687791"
"1"," -0.45046679664"
"1","
28  "
"1","  0.3587020832"
"1"," -1.1201298112"
"1","  0.3413869442"
"1","  0.34828216239"
"1","
29  "
"1","  0.1829182357"
"1","  0.3047411246"
"1","  0.1579344677"
"1"," -0.21991467307"
"1","
30  "
"1"," -0.1369222816"
"1"," -0.0797023047"
"1"," -0.4210401287"
"1"," -0.05077729583"
"1","
31  "
"1","  0.0874010849"
"1"," -0.0668551328"
"1","  0.5977860406"
"1","  0.37455649309"
"1","
32  "
"1"," -0.9785378405"
"1"," -1.4044038061"
"1"," -0.1434312132"
"1"," -0.44369113216"
"1","
33  "
"1"," -1.6582510666"
"1"," -1.8757765502"
"1","  1.0693462967"
"1","  0.46788772219"
"1","
34  "
"1"," -1.5658431108"
"1"," -0.6860230166"
"1","  0.3896109215"
"1","  0.30385142332"
"1","
35  "
"1","  0.2792188941"
"1","  0.2999222947"
"1","  0.7558851943"
"1","  0.38980608305"
"1","
36  "
"1"," -0.3640446996"
"1"," -0.4363694271"
"1"," -0.2668172104"
"1"," -0.97939901226"
"1","
37  "
"1"," -1.1440066847"
"1","  0.0723663665"
"1"," -0.2850883073"
"1","  0.02528576904"
"1","
38  "
"1"," -0.7866282110"
"1"," -0.1608777762"
"1","  0.5301677566"
"1","  0.02356668323"
"1","
39  "
"1","  0.1246234338"
"1","  0.2032421153"
"1"," -0.0589893948"
"1"," -0.04425479027"
"1","
40  "
"1","  0.1438991952"
"1","  0.5058853703"
"1"," -0.0171959511"
"1"," -0.44282191919"
"1","
41  "
"1","  0.2395162735"
"1"," -0.1662785647"
"1"," -0.4236909898"
"1"," -0.26398510243"
"1","
42  "
"1","  0.8285069741"
"1","  0.1255908698"
"1"," -0.0771506691"
"1","  0.16436000182"
"1","
43  "
"1","  3.3342681698"
"1"," -3.2202993425"
"1"," -5.5128647928"
"1","  0.13277687073"
"1","
44  "
"1"," -1.7265524950"
"1"," -0.2906615695"
"1","  0.0828458572"
"1","  0.15060283700"
"1","
45  "
"1"," -0.5699838480"
"1","  0.4211205057"
"1","  0.1608134826"
"1"," -0.04788147447"
"1","
46  "
"1","  3.0326734883"
"1"," -2.5886124153"
"1"," -4.8257053243"
"1","  0.02064457870"
"1","
47  "
"1"," -0.6993878409"
"1"," -0.6084316620"
"1"," -0.0602966546"
"1","  0.15169249060"
"1","
48  "
"1","  0.2183533524"
"1"," -0.0773541943"
"1"," -0.0416148917"
"1"," -0.11421213401"
"1","
49  "
"1"," -0.4074587993"
"1","  0.8156533606"
"1"," -0.4838371286"
"1","  0.06876039623"
"1","
50  "
"1","  0.5167532910"
"1","  0.8407915516"
"1"," -1.4287435404"
"1"," -0.10085512257"
"1","
51  "
"1"," -0.2937866019"
"1"," -0.3612471198"
"1","  0.1710223779"
"1","  0.16648919310"
"1","
52  "
"1","  1.4779559559"
"1","  1.0087873616"
"1","  0.4464782466"
"1","  0.18777515037"
"1","
53  "
"1"," -0.1480705993"
"1"," -0.0234878669"
"1","  0.2435999540"
"1","  0.25148667012"
"1","
54  "
"1","  1.0668134247"
"1","  0.1582155859"
"1","  0.0788368594"
"1","  0.14737410327"
"1","
55  "
"1"," -0.7792068626"
"1"," -0.2324261621"
"1","  0.1464081816"
"1"," -0.04878665117"
"1","
56  "
"1"," -0.4708889090"
"1"," -0.8256026125"
"1"," -0.3380676549"
"1"," -0.34967758025"
"1","
57  "
"1","  0.5090651600"
"1"," -0.1516081107"
"1"," -0.3766418514"
"1"," -0.12967925498"
"1","
58  "
"1"," -1.4384294164"
"1","  0.3984065516"
"1","  0.1570466651"
"1","  0.10385176657"
"1","
59  "
"1"," -1.2509612636"
"1"," -0.7774810058"
"1"," -0.2330939505"
"1"," -0.15057460138"
"1","
60  "
"1","  0.5780068653"
"1","  0.0682783168"
"1","  0.6668428846"
"1"," -0.04130081880"
"1","
61  "
"1","  0.8842151025"
"1"," -0.9798590636"
"1","  0.2791843619"
"1","  0.46453050616"
"1","
62  "
"1"," -0.6327099708"
"1","  0.6101843558"
"1"," -0.6168380227"
"1"," -0.24007984742"
"1","
63  "
"1"," -0.0727973857"
"1"," -0.1166552468"
"1"," -0.4130730390"
"1","  0.04851318505"
"1","
64  "
"1","  0.4209229299"
"1","  0.6250909308"
"1","  0.1863019594"
"1"," -0.34906595221"
"1","
65  "
"1","  0.0120178870"
"1","  1.0903168500"
"1"," -0.0404476003"
"1","  0.15241999444"
"1","
66  "
"1"," -0.9055526638"
"1"," -1.0982672604"
"1","  0.2145150132"
"1","  0.23583443062"
"1","
67  "
"1","  0.6634343658"
"1","  0.1188641369"
"1"," -0.3001080679"
"1","  0.02761940863"
"1","
68  "
"1","  0.1690383335"
"1"," -0.1499961092"
"1","  0.9102076596"
"1","  0.38704018698"
"1","
69  "
"1"," -0.0852206248"
"1"," -0.3669227487"
"1","  0.5450299845"
"1","  0.06649467957"
"1","
70  "
"1","  0.2306592626"
"1"," -0.0986749401"
"1","  0.6796249521"
"1","  0.24538868601"
"1","
71  "
"1","  0.5850226572"
"1","  1.7466624860"
"1"," -0.8998191536"
"1","  0.09092962867"
"1","
72  "
"1","  0.5106440996"
"1","  0.4483692391"
"1","  0.3150597096"
"1"," -0.16776396978"
"1","
73  "
"1","  0.0848849746"
"1","  1.3288993495"
"1"," -0.9623548857"
"1"," -0.01418829242"
"1","
74  "
"1"," -0.4877506393"
"1"," -0.3857962848"
"1"," -0.1200439717"
"1","  0.02179756635"
"1","
75  "
"1","  1.6690555166"
"1"," -0.5404920007"
"1"," -0.1336414368"
"1"," -0.00234625797"
"1","
76  "
"1"," -0.3414210451"
"1","  1.3142422463"
"1","  0.1735597918"
"1","  0.25322966274"
"1","
77  "
"1","  0.4052276129"
"1","  0.3031719194"
"1"," -0.2435275676"
"1","  0.25595707479"
"1","
78  "
"1"," -0.4294406599"
"1"," -0.3771394229"
"1","  0.0492913524"
"1","  0.05845883403"
"1","
79  "
"1"," -0.7103082180"
"1","  0.4893884720"
"1"," -0.3642295342"
"1","  0.10522854538"
"1","
80  "
"1","  0.7725980543"
"1","  0.0525529408"
"1"," -0.5308907127"
"1"," -0.27670128375"
"1","
81  "
"1"," -0.0641850814"
"1"," -0.4749288534"
"1"," -0.5850021164"
"1"," -0.57683500366"
"1","
82  "
"1","  0.8289834895"
"1","  0.4419449941"
"1"," -0.4070748384"
"1"," -0.02372877844"
"1","
83  "
"1"," -1.2432837691"
"1","  1.0824006669"
"1"," -0.2143902484"
"1"," -0.01484267302"
"1","
84  "
"1","  0.1790547282"
"1"," -0.4277351475"
"1","  0.4468877923"
"1","  0.31546410768"
"1","
85  "
"1","  0.8671784485"
"1"," -0.3385624684"
"1","  0.4459508297"
"1"," -0.00260106661"
"1","
86  "
"1"," -0.5255619746"
"1"," -0.7292667857"
"1","  0.0813846331"
"1"," -0.24796407296"
"1","
87  "
"1"," -0.5295247622"
"1"," -0.2707844521"
"1","  0.2599313837"
"1","  0.22305598395"
"1","
88  "
"1"," -0.0872291041"
"1","  0.6162614261"
"1"," -0.4122881654"
"1","  0.18664640405"
"1","
89  "
"1","  0.9515897491"
"1","  0.2146272188"
"1"," -0.4958012555"
"1","  0.08569300133"
"1","
90  "
"1"," -0.1667261311"
"1"," -1.1029814973"
"1"," -0.2188257315"
"1"," -0.94019092554"
"1","
91  "
"1"," -0.5798198700"
"1"," -0.6335603704"
"1"," -0.2462654562"
"1"," -0.33122652977"
"1","
92  "
"1"," -0.7428302453"
"1"," -0.1664772159"
"1","  0.7016707066"
"1","  0.28358652017"
"1","
93  "
"1","  0.0521429884"
"1","  0.3598911420"
"1"," -0.5263923592"
"1","  0.03530297147"
"1","
94  "
"1"," -0.4810119103"
"1"," -0.8280649643"
"1"," -0.1520658268"
"1","  0.22454285055"
"1","
95  "
"1","  0.9769333175"
"1","  0.4750523890"
"1"," -1.1479244811"
"1"," -0.77095240255"
"1","
96  "
"1","  0.3971034349"
"1","  0.7384231707"
"1"," -0.3909653083"
"1","  0.17832065216"
"1","
97  "
"1","  0.4055521663"
"1"," -0.0418640114"
"1","  0.3865015079"
"1","  0.25530629627"
"1","
98  "
"1","  0.4317769789"
"1","  0.2799901083"
"1"," -0.2395046585"
"1"," -0.73254980105"
"1","
99  "
"1"," -1.1820692824"
"1","  1.2555452211"
"1"," -1.3504319942"
"1"," -0.60934683028"
"1","
100 "
"1"," -0.0755299196"
"1"," -0.6047181102"
"1","  1.2189584750"
"1"," -0.42014742320"
"1","
101 "
"1"," -0.8496956412"
"1"," -1.2476271258"
"1","  0.7670566424"
"1"," -0.18563486176"
"1","
102 "
"1","  3.2263042215"
"1","  1.7760429104"
"1"," -0.4368812721"
"1","  0.04025474622"
"1","
103 "
"1"," -0.1405528569"
"1","  0.2820454052"
"1"," -1.2123545492"
"1"," -0.18621445589"
"1","
104 "
"1"," -0.5470448864"
"1","  0.1100243288"
"1","  0.1204727333"
"1","  0.19695288966"
"1","
105 "
"1"," -0.1115150296"
"1","  0.7625885679"
"1","  0.2125162318"
"1","  0.30098303334"
"1","
106 "
"1","  0.3176316988"
"1","  0.3038768320"
"1"," -0.3355187410"
"1"," -0.01742787308"
"1","
107 "
"1"," -0.0767525786"
"1","  1.0630908284"
"1"," -0.6165759615"
"1","  0.16412122386"
"1","
108 "
"1"," -0.7844147580"
"1","  1.7730381653"
"1"," -0.6777041431"
"1"," -0.01857087536"
"1","
109 "
"1","  0.1559149622"
"1","  0.0921061228"
"1"," -0.0966691214"
"1"," -0.14713487197"
"1","
110 "
"1"," -0.5737294274"
"1","  0.1620276067"
"1","  0.2084806673"
"1","  0.17860827053"
"1","
111 "
"1"," -0.3441235798"
"1","  0.7221619443"
"1","  0.0391589731"
"1"," -0.22604063901"
"1","
112 "
"1","  1.9976571975"
"1","  0.7566744766"
"1"," -0.5844265188"
"1","  0.05184004202"
"1","
113 "
"1"," -0.2500289725"
"1","  0.0427214584"
"1","  0.4462454759"
"1","  0.00051493780"
"1","
114 "
"1"," -0.1079706027"
"1","  0.9145290385"
"1"," -0.0134167895"
"1"," -0.11116437729"
"1","
115 "
"1"," -1.2030221768"
"1"," -0.3870649168"
"1"," -0.3100390912"
"1"," -0.41540795658"
"1","
116 "
"1"," -0.2468564748"
"1"," -0.7789393822"
"1","  0.0206618096"
"1","  0.17055820161"
"1","
117 "
"1","  0.9692235587"
"1"," -0.3889835666"
"1","  0.1947279781"
"1","  0.07421339115"
"1","
118 "
"1","  0.4785693192"
"1"," -0.4567314973"
"1"," -0.1265470552"
"1","  0.03718044282"
"1","
119 "
"1","  2.2187724466"
"1"," -2.4394129781"
"1"," -3.1377528926"
"1","  0.01399826712"
"1","
120 "
"1","  0.4301787900"
"1"," -1.1396183255"
"1","  0.4345885234"
"1","  0.28345129958"
"1","
121 "
"1"," -0.1397069369"
"1","  0.9046576637"
"1"," -0.6075611870"
"1","  0.05183396896"
"1","
122 "
"1"," -0.0147015461"
"1"," -0.9729114992"
"1","  2.4837457792"
"1"," -1.00381419394"
"1","
123 "
"1"," -0.7086360245"
"1","  0.3859251943"
"1"," -0.4595178746"
"1","  0.04594779336"
"1","
124 "
"1"," -0.1988341833"
"1","  0.2830989025"
"1"," -0.0251450322"
"1","  0.23399032553"
"1","
125 "
"1","  1.0378087251"
"1","  0.9246692830"
"1"," -0.3091630556"
"1","  0.19828384945"
"1","
"
"1"," [ reached getOption(""max.print"") -- omitted 1431 rows ]
"
